{
    "trial 1": {
        "n": 13,
        "avg": 10.76923076923077,
        "realtive_avg": 0.0747863247863248,
        "m": 0.013888888888888888,
        "r": 0.2777777777777778,
        "theta": 0.5384615384615384,
        "norm": 0.6106449196047904
    },
    "trial 10": {
        "n": 14,
        "avg": 10.0,
        "realtive_avg": 0.06944444444444445,
        "m": 0.013888888888888888,
        "r": 0.1597222222222222,
        "theta": 0.5714285714285714,
        "norm": 0.5975426617533415
    },
    "trial 11": {
        "n": 15,
        "avg": 9.466666666666667,
        "realtive_avg": 0.06574074074074074,
        "m": 0.020833333333333332,
        "r": 0.10416666666666667,
        "theta": 0.5333333333333333,
        "norm": 0.5477691225870694
    },
    "trial 12": {
        "n": 13,
        "avg": 10.76923076923077,
        "realtive_avg": 0.0747863247863248,
        "m": 0.013888888888888888,
        "r": 0.2777777777777778,
        "theta": 0.15384615384615385,
        "norm": 0.3265195683110409
    },
    "trial 13": {
        "n": 14,
        "avg": 10.0,
        "realtive_avg": 0.06944444444444445,
        "m": 0.020833333333333332,
        "r": 0.14583333333333334,
        "theta": 0.42857142857142855,
        "norm": 0.4584728881197246
    },
    "trial 14": {
        "n": 15,
        "avg": 9.4,
        "realtive_avg": 0.06527777777777778,
        "m": 0.020833333333333332,
        "r": 0.2013888888888889,
        "theta": 0.4,
        "norm": 0.4530482321092137
    },
    "trial 15": {
        "n": 14,
        "avg": 10.071428571428571,
        "realtive_avg": 0.06994047619047619,
        "m": 0.020833333333333332,
        "r": 0.14583333333333334,
        "theta": 0.35714285714285715,
        "norm": 0.39261186877984566
    },
    "trial 16": {
        "n": 14,
        "avg": 10.0,
        "realtive_avg": 0.06944444444444445,
        "m": 0.027777777777777776,
        "r": 0.09722222222222222,
        "theta": 0.6428571428571429,
        "norm": 0.6544551951193797
    },
    "trial 17": {
        "n": 14,
        "avg": 10.0,
        "realtive_avg": 0.06944444444444445,
        "m": 0.020833333333333332,
        "r": 0.11805555555555555,
        "theta": 0.35714285714285715,
        "norm": 0.38307269968984925
    },
    "trial 18": {
        "n": 15,
        "avg": 9.4,
        "realtive_avg": 0.06527777777777778,
        "m": 0.020833333333333332,
        "r": 0.14583333333333334,
        "theta": 0.5333333333333333,
        "norm": 0.5571418325749182
    },
    "trial 19": {
        "n": 14,
        "avg": 10.071428571428571,
        "realtive_avg": 0.06994047619047619,
        "m": 0.020833333333333332,
        "r": 0.16666666666666666,
        "theta": 0.14285714285714285,
        "norm": 0.23132582871485027
    },
    "trial 2": {
        "n": 14,
        "avg": 9.928571428571429,
        "realtive_avg": 0.0689484126984127,
        "m": 0.020833333333333332,
        "r": 0.14583333333333334,
        "theta": 0.2857142857142857,
        "norm": 0.32876728177199144
    },
    "trial 20": {
        "n": 14,
        "avg": 10.0,
        "realtive_avg": 0.06944444444444445,
        "m": 0.020833333333333332,
        "r": 0.1527777777777778,
        "theta": 0.35714285714285715,
        "norm": 0.39515646069987853
    },
    "trial 3": {
        "n": 15,
        "avg": 9.4,
        "realtive_avg": 0.06527777777777778,
        "m": 0.020833333333333332,
        "r": 0.125,
        "theta": 0.6666666666666666,
        "norm": 0.6817365037122679
    },
    "trial 4": {
        "n": 14,
        "avg": 10.071428571428571,
        "realtive_avg": 0.06994047619047619,
        "m": 0.013888888888888888,
        "r": 0.22916666666666666,
        "theta": 0.42857142857142855,
        "norm": 0.4911979254263852
    },
    "trial 5": {
        "n": 14,
        "avg": 10.071428571428571,
        "realtive_avg": 0.06994047619047619,
        "m": 0.020833333333333332,
        "r": 0.2569444444444444,
        "theta": 0.6428571428571429,
        "norm": 0.6961403965011954
    },
    "trial 6": {
        "n": 14,
        "avg": 10.0,
        "realtive_avg": 0.06944444444444445,
        "m": 0.013888888888888888,
        "r": 0.2361111111111111,
        "theta": 0.14285714285714285,
        "norm": 0.28490709389938856
    },
    "trial 7": {
        "n": 14,
        "avg": 10.0,
        "realtive_avg": 0.06944444444444445,
        "m": 0.020833333333333332,
        "r": 0.10416666666666667,
        "theta": 0.35714285714285715,
        "norm": 0.3790227875663718
    },
    "trial 8": {
        "n": 14,
        "avg": 10.071428571428571,
        "realtive_avg": 0.06994047619047619,
        "m": 0.020833333333333332,
        "r": 0.09027777777777778,
        "theta": 0.5,
        "norm": 0.5132989140335504
    },
    "trial 9": {
        "n": 14,
        "avg": 10.0,
        "realtive_avg": 0.06944444444444445,
        "m": 0.027777777777777776,
        "r": 0.1388888888888889,
        "theta": 0.5714285714285714,
        "norm": 0.5928025569311903
    }
}